,bike,bike_lft,bike_rgt,car,car_lft,car_rgt,car_speed_bucket,car_speed_histogram,date,lorry,lorry_lft,lorry_rgt,pct_up,pedestrian,pedestrian_lft,pedestrian_rgt,segment_id,year,month,day,hour
0,7,7,0,123,41,82,"[2, 3, 4, 5]","[21, 68, 28, 7]",2020-01-01 09:00,14,7,7,0.15,20,0,20,349547,2020,1,1,9
1,14,5,9,153,61,92,"[0, 1, 2, 3, 4, 5, 6, 7]","[11, 7, 21, 71, 40, 4, 2, 2]",2020-01-01 10:00,15,6,9,0.79,26,15,11,349547,2020,1,1,10
2,19,6,13,306,124,182,"[0, 1, 2, 3, 4, 5, 6, 7]","[25, 8, 45, 145, 80, 4, 2, 2]",2020-01-01 11:00,26,16,10,0.79,26,13,13,349547,2020,1,1,11
3,50,27,23,511,234,277,"[0, 1, 2, 3, 4, 5, 6]","[26, 51, 116, 231, 82, 6, 3]",2020-01-01 12:00,21,13,8,0.77,36,22,14,349547,2020,1,1,12
4,32,17,15,524,259,265,"[0, 1, 2, 3, 4, 5, 7]","[22, 17, 115, 254, 93, 16, 9]",2020-01-01 13:00,19,9,10,0.79,20,14,6,349547,2020,1,1,13
5,34,9,25,679,275,404,"[0, 1, 2, 3, 4, 5, 6, 7]","[29, 64, 158, 301, 108, 13, 4, 6]",2020-01-01 14:00,39,30,9,0.77,17,9,8,349547,2020,1,1,14
6,51,29,22,728,338,390,"[0, 1, 2, 3, 4, 5, 7]","[54, 71, 211, 312, 74, 8, 2]",2020-01-01 15:00,42,28,14,0.78,44,27,17,349547,2020,1,1,15
7,36,19,17,715,354,361,"[0, 1, 2, 3, 4, 5, 6, 7]","[59, 53, 212, 315, 64, 8, 2, 6]",2020-01-01 16:00,42,32,10,0.78,33,22,11,349547,2020,1,1,16
8,48,24,24,703,298,405,"[0, 1, 2, 3, 4, 5, 6, 7]","[58, 81, 216, 270, 61, 7, 2, 11]",2020-01-01 17:00,33,23,10,0.57,12,7,5,349547,2020,1,1,17
9,88,25,63,558,171,387,"[0, 1, 2, 3, 4, 5, 6, 7]","[20, 26, 134, 210, 83, 64, 7, 20]",2020-01-02 09:00,57,38,19,0.16,19,0,19,349547,2020,1,2,9
10,53,8,45,501,169,332,"[0, 1, 2, 3, 4, 5, 6, 7]","[21, 21, 123, 243, 81, 8, 3, 4]",2020-01-02 10:00,87,48,39,0.77,16,6,10,349547,2020,1,2,10
11,57,19,38,590,212,378,"[0, 1, 2, 3, 4, 5, 6, 7]","[25, 39, 212, 256, 51, 4, 2, 6]",2020-01-02 11:00,96,48,48,0.77,25,6,19,349547,2020,1,2,11
12,81,35,46,653,295,358,"[0, 1, 2, 3, 4, 5, 7]","[21, 67, 201, 307, 54, 3, 3]",2020-01-02 12:00,113,73,40,0.78,21,15,6,349547,2020,1,2,12
13,73,29,44,659,288,371,"[0, 1, 2, 3, 4, 5, 6]","[27, 57, 201, 302, 62, 11, 4]",2020-01-02 13:00,84,51,33,0.77,10,5,5,349547,2020,1,2,13
14,72,23,49,760,333,427,"[0, 1, 2, 3, 4, 5, 6, 7]","[31, 52, 250, 348, 67, 7, 3, 6]",2020-01-02 14:00,93,58,35,0.78,22,8,14,349547,2020,1,2,14
15,72,40,32,733,338,395,"[0, 1, 2, 3, 4, 5, 6, 7]","[43, 59, 235, 325, 62, 4, 6, 3]",2020-01-02 15:00,116,79,37,0.78,8,5,3,349547,2020,1,2,15
16,72,41,31,816,429,387,"[0, 1, 2, 3, 4, 5, 6, 7]","[46, 38, 260, 375, 72, 12, 6, 11]",2020-01-02 16:00,110,72,38,0.76,9,5,4,349547,2020,1,2,16
17,93,60,33,842,442,400,"[0, 1, 2, 3, 4, 5, 7]","[44, 35, 290, 405, 66, 2, 4]",2020-01-02 17:00,93,69,24,0.55,20,9,11,349547,2020,1,2,17
18,73,25,48,686,196,490,"[0, 1, 2, 3, 4, 5, 6, 7]","[43, 74, 234, 264, 51, 17, 3, 5]",2020-01-03 10:00,124,90,34,0.48,15,13,2,349547,2020,1,3,10
19,71,24,47,705,268,437,"[0, 1, 2, 3, 4, 5, 6, 7]","[92, 104, 188, 219, 72, 18, 10, 7]",2020-01-03 11:00,97,51,46,0.75,20,8,12,349547,2020,1,3,11
20,72,22,50,751,294,457,"[0, 1, 2, 3, 4, 5, 7]","[100, 122, 257, 212, 48, 7, 9]",2020-01-03 12:00,121,67,54,0.74,35,16,19,349547,2020,1,3,12
21,75,31,44,839,381,458,"[0, 1, 2, 3, 4, 5, 6, 7]","[55, 57, 227, 359, 114, 15, 4, 11]",2020-01-03 13:00,116,81,35,0.76,23,14,9,349547,2020,1,3,13
22,68,24,44,737,279,458,"[0, 1, 2, 3, 4, 5, 6, 7]","[119, 87, 217, 232, 65, 10, 2, 9]",2020-01-03 14:00,124,71,53,0.74,23,8,15,349547,2020,1,3,14
23,56,30,26,849,413,436,"[0, 1, 2, 3, 4, 5, 6, 7]","[85, 123, 256, 312, 63, 8, 4, 2]",2020-01-03 15:00,128,68,60,0.77,23,13,10,349547,2020,1,3,15
24,68,36,32,791,412,379,"[0, 1, 2, 3, 4, 5, 6, 7]","[65, 82, 235, 352, 49, 6, 2, 3]",2020-01-03 16:00,122,71,51,0.76,40,29,11,349547,2020,1,3,16
25,68,25,43,873,480,393,"[0, 1, 2, 3, 4, 5, 6, 7]","[102, 109, 361, 224, 51, 15, 4, 11]",2020-01-03 17:00,166,123,43,0.28,14,0,14,349547,2020,1,3,17
26,14,0,14,575,178,397,"[0, 1, 2, 3, 4, 7]","[42, 83, 206, 178, 55, 14]",2020-01-04 09:00,96,41,55,0.07,14,14,0,349547,2020,1,4,9
27,49,14,35,538,175,363,"[0, 1, 2, 3, 4, 5, 7]","[16, 36, 96, 275, 109, 8, 2]",2020-01-04 10:00,42,30,12,0.77,15,8,7,349547,2020,1,4,10
28,128,45,83,593,235,358,"[0, 1, 2, 3, 4, 5, 7]","[90, 51, 165, 218, 61, 6, 6]",2020-01-04 11:00,77,37,40,0.75,28,19,9,349547,2020,1,4,11
29,71,27,44,783,304,479,"[0, 1, 2, 3, 4, 5, 6, 7]","[59, 51, 231, 347, 80, 6, 4, 8]",2020-01-04 12:00,78,54,24,0.75,19,12,7,349547,2020,1,4,12
30,87,41,46,819,371,448,"[0, 1, 2, 3, 4, 5, 7]","[39, 43, 241, 383, 106, 7, 4]",2020-01-04 13:00,78,49,29,0.78,23,15,8,349547,2020,1,4,13
31,86,36,50,791,330,461,"[0, 1, 2, 3, 4, 5, 6, 7]","[33, 52, 214, 386, 92, 9, 4, 6]",2020-01-04 14:00,72,36,36,0.78,19,10,9,349547,2020,1,4,14
32,86,39,47,805,341,464,"[0, 1, 2, 3, 4, 5, 6, 7]","[91, 104, 261, 298, 43, 4, 2, 4]",2020-01-04 15:00,93,66,27,0.77,13,8,5,349547,2020,1,4,15
33,102,49,53,772,390,382,"[0, 1, 2, 3, 4, 5, 7]","[37, 83, 262, 334, 53, 6, 2]",2020-01-04 16:00,73,50,23,0.77,25,17,8,349547,2020,1,4,16
34,41,10,31,371,134,237,"[2, 3, 4, 5]","[62, 207, 73, 31]",2020-01-05 09:00,21,21,0,0.1,0,0,0,349547,2020,1,5,9
35,50,15,35,423,178,245,"[0, 1, 2, 3, 4, 5, 7]","[16, 12, 98, 219, 69, 9, 5]",2020-01-05 10:00,28,22,6,0.72,24,13,11,349547,2020,1,5,10
36,51,22,29,544,207,337,"[0, 1, 2, 3, 4, 5, 7]","[35, 45, 120, 289, 54, 2, 3]",2020-01-05 11:00,46,24,22,0.79,26,15,11,349547,2020,1,5,11
37,67,36,31,630,296,334,"[0, 1, 2, 3, 4, 5, 7]","[55, 64, 212, 271, 24, 2, 6]",2020-01-05 12:00,60,44,16,0.77,22,9,13,349547,2020,1,5,12
38,68,33,35,657,297,360,"[0, 1, 2, 3, 4, 5, 7]","[21, 62, 257, 268, 43, 6, 4]",2020-01-05 13:00,58,40,18,0.78,44,26,18,349547,2020,1,5,13
39,54,25,29,673,270,403,"[0, 1, 2, 3, 4, 5, 6, 7]","[88, 81, 238, 228, 31, 3, 4, 4]",2020-01-05 14:00,76,60,16,0.77,25,12,13,349547,2020,1,5,14
40,66,29,37,691,308,383,"[0, 1, 2, 3, 4, 5, 7]","[69, 70, 254, 254, 41, 4, 2]",2020-01-05 15:00,91,61,30,0.79,36,25,11,349547,2020,1,5,15
41,88,41,47,632,295,337,"[0, 1, 2, 3, 4, 5, 7]","[55, 55, 183, 293, 44, 3, 2]",2020-01-05 16:00,50,36,14,0.79,34,20,14,349547,2020,1,5,16
42,60,29,31,645,276,369,"[0, 1, 2, 3, 4, 5, 7]","[86, 123, 224, 189, 22, 2, 2]",2020-01-05 17:00,38,21,17,0.51,18,12,6,349547,2020,1,5,17
43,151,10,141,696,188,508,"[0, 1, 2, 3, 4, 5]","[95, 163, 304, 110, 21, 6]",2020-01-06 09:00,157,110,47,0.19,36,26,10,349547,2020,1,6,9
44,86,14,72,550,191,359,"[0, 1, 2, 3, 4, 5, 6, 7]","[50, 52, 212, 207, 26, 2, 2, 3]",2020-01-06 10:00,166,78,88,0.77,20,8,12,349547,2020,1,6,10
45,113,26,87,356,113,243,"[0, 1, 2, 3, 4, 5, 7]","[116, 50, 127, 52, 10, 2, 3]",2020-01-06 11:00,151,78,73,0.74,20,11,9,349547,2020,1,6,11
46,80,36,44,621,241,380,"[0, 1, 2, 3, 4, 5, 7]","[41, 83, 238, 227, 24, 3, 8]",2020-01-06 12:00,181,93,88,0.77,35,19,16,349547,2020,1,6,12
47,87,48,39,594,246,348,"[0, 1, 2, 3, 4, 5, 6, 7]","[106, 102, 226, 131, 24, 2, 2, 6]",2020-01-06 13:00,137,76,61,0.78,32,13,19,349547,2020,1,6,13
48,81,36,45,626,250,376,"[0, 1, 2, 3, 4, 5, 6, 7]","[72, 72, 212, 224, 42, 3, 3, 2]",2020-01-06 14:00,150,91,59,0.78,19,10,9,349547,2020,1,6,14
49,82,43,39,611,254,357,"[0, 1, 2, 3, 4, 5, 6]","[46, 80, 287, 172, 23, 2, 4]",2020-01-06 15:00,168,88,80,0.75,19,12,7,349547,2020,1,6,15
50,112,65,47,652,346,306,"[0, 1, 2, 3, 4, 7]","[86, 135, 301, 115, 12, 6]",2020-01-06 16:00,174,86,88,0.77,44,26,18,349547,2020,1,6,16
51,130,91,39,771,475,296,"[0, 1, 2, 3, 4, 5, 6, 7]","[120, 149, 390, 96, 11, 3, 2, 4]",2020-01-06 17:00,124,78,46,0.77,35,25,10,349547,2020,1,6,17
52,163,15,148,785,207,578,"[0, 1, 2, 3, 4, 5, 6, 7]","[60, 104, 356, 149, 45, 15, 15, 45]",2020-01-07 09:00,74,74,0,0.07,30,15,15,349547,2020,1,7,9
53,94,23,71,518,192,326,"[0, 1, 2, 3, 4, 5, 7]","[83, 91, 136, 163, 34, 9, 5]",2020-01-07 10:00,140,66,74,0.69,30,16,14,349547,2020,1,7,10
54,69,20,49,523,145,378,"[0, 1, 2, 3, 4, 5, 6, 7]","[87, 102, 143, 147, 38, 3, 3, 4]",2020-01-07 11:00,199,109,90,0.75,32,16,16,349547,2020,1,7,11
55,82,38,44,711,270,441,"[0, 1, 2, 3, 4, 5, 6, 7]","[47, 57, 275, 253, 59, 8, 6, 10]",2020-01-07 12:00,129,75,54,0.76,27,16,11,349547,2020,1,7,12
56,84,29,55,607,243,364,"[0, 1, 2, 3, 4, 5, 6, 7]","[70, 102, 210, 180, 39, 4, 2, 3]",2020-01-07 13:00,104,55,49,0.76,34,17,17,349547,2020,1,7,13
57,88,34,54,679,277,402,"[0, 1, 2, 3, 4, 5, 6, 7]","[43, 68, 186, 299, 69, 10, 2, 6]",2020-01-07 14:00,132,86,46,0.76,24,8,16,349547,2020,1,7,14
58,83,35,48,787,344,443,"[0, 1, 2, 3, 4, 5, 6, 7]","[57, 73, 232, 314, 74, 17, 9, 17]",2020-01-07 15:00,120,66,54,0.75,20,13,7,349547,2020,1,7,15
59,118,63,55,756,372,384,"[0, 1, 2, 3, 4, 5, 7]","[85, 138, 326, 170, 32, 4, 3]",2020-01-07 16:00,147,75,72,0.76,20,16,4,349547,2020,1,7,16
60,163,108,55,767,496,271,"[0, 1, 2, 3, 4, 5, 6, 7]","[48, 113, 390, 195, 12, 6, 3, 3]",2020-01-07 17:00,150,105,45,0.69,26,14,12,349547,2020,1,7,17
61,68,11,57,538,141,397,"[0, 1, 2, 3, 4, 5, 6, 7]","[197, 109, 115, 102, 12, 3, 3, 3]",2020-01-08 10:00,150,73,77,0.45,28,24,4,349547,2020,1,8,10
62,78,13,65,484,165,319,"[0, 1, 2, 3, 4, 5, 6, 7]","[146, 131, 120, 67, 8, 6, 6, 4]",2020-01-08 11:00,179,108,71,0.75,18,7,11,349547,2020,1,8,11
63,61,23,38,686,306,380,"[0, 1, 2, 3, 4, 5, 7]","[115, 92, 267, 167, 38, 6, 3]",2020-01-08 12:00,178,101,77,0.74,12,7,5,349547,2020,1,8,12
64,110,55,55,658,301,357,"[0, 1, 2, 3, 4, 5, 6, 7]","[91, 138, 240, 155, 26, 4, 3, 4]",2020-01-08 13:00,159,92,67,0.75,25,12,13,349547,2020,1,8,13
65,66,27,39,537,183,354,"[0, 1, 2, 3, 4, 5, 6, 7]","[120, 107, 162, 120, 22, 2, 2, 7]",2020-01-08 14:00,167,78,89,0.75,28,19,9,349547,2020,1,8,14
66,130,57,73,595,219,376,"[0, 1, 2, 3, 4, 5, 7]","[199, 109, 150, 103, 32, 3, 3]",2020-01-08 15:00,154,79,75,0.73,22,15,7,349547,2020,1,8,15
67,102,57,45,775,386,389,"[0, 1, 2, 3, 4, 5, 7]","[89, 135, 305, 215, 27, 4, 3]",2020-01-08 16:00,156,108,48,0.76,29,20,9,349547,2020,1,8,16
68,100,33,67,662,327,335,"[0, 1, 2, 3, 4, 5]","[143, 118, 235, 151, 9, 9]",2020-01-08 17:00,159,75,84,0.12,25,17,8,349547,2020,1,8,17
69,86,29,57,603,192,411,"[0, 1, 2, 3, 4, 5, 6, 7]","[72, 90, 253, 136, 35, 6, 3, 12]",2020-01-09 10:00,198,109,89,0.35,14,3,11,349547,2020,1,9,10
70,53,16,37,689,284,405,"[0, 1, 2, 3, 4, 5, 6, 7]","[43, 43, 233, 294, 63, 5, 3, 8]",2020-01-09 11:00,170,97,73,0.7,24,14,10,349547,2020,1,9,11
71,62,23,39,597,237,360,"[0, 1, 2, 3, 4, 5, 7]","[45, 50, 214, 225, 50, 11, 6]",2020-01-09 12:00,145,80,65,0.77,21,7,14,349547,2020,1,9,12
72,68,32,36,545,229,316,"[0, 1, 2, 3, 4, 5, 6, 7]","[135, 85, 152, 134, 26, 4, 3, 11]",2020-01-09 13:00,147,80,67,0.76,21,8,13,349547,2020,1,9,13
73,59,22,37,763,305,458,"[0, 1, 2, 3, 4, 5, 6, 7]","[88, 89, 267, 246, 63, 6, 3, 6]",2020-01-09 14:00,176,98,78,0.76,24,12,12,349547,2020,1,9,14
74,66,32,34,739,345,394,"[0, 1, 2, 3, 4, 5, 6, 7]","[73, 69, 241, 269, 73, 7, 4, 6]",2020-01-09 15:00,132,78,54,0.76,13,9,4,349547,2020,1,9,15
75,68,38,30,812,416,396,"[0, 1, 2, 3, 4, 5, 6, 7]","[93, 161, 324, 185, 36, 6, 4, 7]",2020-01-09 16:00,160,89,71,0.76,22,9,13,349547,2020,1,9,16
76,119,83,36,776,426,350,"[0, 1, 2, 3, 4, 5, 6, 7]","[52, 120, 384, 184, 24, 7, 3, 7]",2020-01-09 17:00,164,111,53,0.47,15,15,0,349547,2020,1,9,17
77,187,47,140,670,186,484,"[0, 1, 2, 3, 4, 5, 6, 7]","[289, 126, 131, 56, 28, 10, 14, 19]",2020-01-10 09:00,144,93,51,0.21,10,5,5,349547,2020,1,10,9
78,92,19,73,662,175,487,"[0, 1, 2, 3, 4, 5, 6, 7]","[124, 145, 220, 137, 32, 5, 2, 2]",2020-01-10 10:00,128,46,82,0.67,40,22,18,349547,2020,1,10,10
79,78,24,54,690,278,412,"[0, 1, 2, 3, 4, 5, 6, 7]","[100, 111, 187, 200, 69, 14, 7, 7]",2020-01-10 11:00,115,60,55,0.76,14,11,3,349547,2020,1,10,11
80,95,34,61,735,313,422,"[0, 1, 2, 3, 4, 5, 6, 7]","[38, 64, 257, 287, 76, 7, 4, 6]",2020-01-10 12:00,136,67,69,0.76,25,12,13,349547,2020,1,10,12
81,76,30,46,822,346,476,"[0, 1, 2, 3, 4, 5, 6, 7]","[91, 125, 299, 220, 57, 19, 5, 10]",2020-01-10 13:00,140,85,55,0.74,7,0,7,349547,2020,1,10,13
82,76,30,46,931,376,555,"[0, 1, 2, 3, 4, 5, 6, 7]","[135, 170, 257, 253, 88, 15, 3, 15]",2020-01-10 14:00,134,70,64,0.75,24,13,11,349547,2020,1,10,14
83,62,30,32,766,385,381,"[0, 1, 2, 3, 4, 5, 6, 7]","[45, 54, 234, 359, 64, 6, 4, 3]",2020-01-10 15:00,147,92,55,0.76,17,13,4,349547,2020,1,10,15
84,67,39,28,816,408,408,"[0, 1, 2, 3, 4, 5, 6, 7]","[86, 158, 319, 196, 31, 12, 3, 14]",2020-01-10 16:00,150,84,66,0.76,12,8,4,349547,2020,1,10,16
85,101,74,27,752,422,330,"[0, 1, 2, 3, 4, 5, 6, 7]","[94, 109, 326, 197, 18, 3, 5, 5]",2020-01-10 17:00,147,109,38,0.7,19,13,6,349547,2020,1,10,17
86,180,0,180,2340,1620,720,"[0, 2, 3, 7]","[180, 1440, 540, 180]",2020-01-10 18:00,360,360,0,0.01,0,0,0,349547,2020,1,10,18
87,52,13,39,511,116,395,"[0, 1, 2, 3, 4]","[13, 13, 121, 249, 116]",2020-01-11 09:00,47,17,30,0.23,9,0,9,349547,2020,1,11,9
88,70,21,49,610,236,374,"[0, 1, 2, 3, 4, 5, 7]","[34, 48, 177, 285, 60, 4, 4]",2020-01-11 10:00,110,58,52,0.77,10,6,4,349547,2020,1,11,10
89,79,41,38,776,305,471,"[0, 1, 2, 3, 4, 7]","[77, 96, 287, 283, 34, 3]",2020-01-11 11:00,94,57,37,0.79,18,10,8,349547,2020,1,11,11
90,90,36,54,752,345,407,"[0, 1, 2, 3, 4, 5, 6]","[57, 79, 297, 264, 54, 2, 3]",2020-01-11 12:00,127,72,55,0.78,14,13,1,349547,2020,1,11,12
91,79,44,35,789,358,431,"[0, 1, 2, 3, 4, 5, 6, 7]","[67, 109, 259, 295, 52, 3, 3, 3]",2020-01-11 13:00,104,50,54,0.78,21,9,12,349547,2020,1,11,13
92,103,41,62,861,392,469,"[0, 1, 2, 3, 4, 5, 6, 7]","[42, 75, 332, 350, 50, 4, 2, 8]",2020-01-11 14:00,118,58,60,0.79,18,13,5,349547,2020,1,11,14
93,94,38,56,815,370,445,"[0, 1, 2, 3, 4, 6, 7]","[49, 86, 327, 307, 45, 2, 3]",2020-01-11 15:00,135,87,48,0.77,22,10,12,349547,2020,1,11,15
94,88,40,48,813,400,413,"[0, 1, 2, 3, 4, 5, 7]","[46, 69, 328, 322, 40, 2, 9]",2020-01-11 16:00,92,47,45,0.78,12,4,8,349547,2020,1,11,16
95,55,24,31,859,453,406,"[0, 1, 2, 3, 4, 5, 6, 7]","[64, 102, 396, 269, 20, 3, 3, 6]",2020-01-11 17:00,88,58,30,0.71,26,15,11,349547,2020,1,11,17
96,35,12,23,311,128,183,"[1, 2, 3, 4, 5, 6]","[6, 38, 166, 79, 18, 6]",2020-01-12 09:00,12,9,3,0.34,18,6,12,349547,2020,1,12,9
97,37,4,33,437,168,269,"[0, 1, 2, 3, 4, 5]","[20, 25, 98, 240, 53, 4]",2020-01-12 10:00,52,38,14,0.78,16,12,4,349547,2020,1,12,10
98,47,24,23,577,244,333,"[0, 1, 2, 3, 4, 5, 6, 7]","[40, 53, 151, 278, 49, 4, 2, 2]",2020-01-12 11:00,43,24,19,0.78,15,10,5,349547,2020,1,12,11
99,62,30,32,663,325,338,"[0, 1, 2, 3, 4, 5]","[60, 59, 216, 258, 69, 4]",2020-01-12 12:00,59,43,16,0.77,27,13,14,349547,2020,1,12,12
100,24,10,14,759,320,439,"[0, 1, 2, 3, 4, 5, 6, 7]","[30, 64, 191, 359, 100, 11, 2, 7]",2020-01-12 13:00,38,19,19,0.78,32,18,14,349547,2020,1,12,13
101,33,17,16,752,340,412,"[0, 1, 2, 3, 4, 5, 6, 7]","[56, 72, 214, 315, 68, 16, 3, 11]",2020-01-12 14:00,42,20,22,0.76,27,15,12,349547,2020,1,12,14
102,57,23,34,786,383,403,"[0, 1, 2, 3, 4, 5, 6, 7]","[84, 85, 201, 292, 104, 9, 7, 7]",2020-01-12 15:00,39,29,10,0.73,14,4,10,349547,2020,1,12,15
103,49,28,21,669,303,366,"[0, 1, 2, 3, 4, 5, 6, 7]","[95, 75, 179, 237, 70, 9, 5, 3]",2020-01-12 16:00,51,31,20,0.75,20,8,12,349547,2020,1,12,16
104,68,29,39,732,321,411,"[0, 1, 2, 3, 4, 5, 6, 7]","[88, 61, 215, 295, 61, 6, 2, 8]",2020-01-12 17:00,52,31,21,0.7,40,17,23,349547,2020,1,12,17
105,141,28,113,608,184,424,"[0, 1, 2, 3, 4]","[269, 142, 43, 128, 29]",2020-01-13 09:00,42,14,28,0.07,56,42,14,349547,2020,1,13,9
106,93,25,68,581,166,415,"[0, 1, 2, 3, 4, 5, 6, 7]","[41, 97, 186, 194, 44, 10, 7, 7]",2020-01-13 10:00,173,71,102,0.77,37,20,17,349547,2020,1,13,10
107,56,21,35,619,235,384,"[0, 1, 2, 3, 4, 5, 7]","[57, 68, 179, 239, 64, 4, 10]",2020-01-13 11:00,158,72,86,0.77,18,13,5,349547,2020,1,13,11
108,70,33,37,651,268,383,"[0, 1, 2, 3, 4, 5, 6, 7]","[47, 67, 187, 285, 59, 3, 2, 7]",2020-01-13 12:00,166,92,74,0.76,8,7,1,349547,2020,1,13,12
109,95,38,57,681,309,372,"[0, 1, 2, 3, 4, 5, 7]","[61, 76, 240, 244, 55, 3, 6]",2020-01-13 13:00,121,67,54,0.77,14,10,4,349547,2020,1,13,13
110,60,26,34,695,308,387,"[0, 1, 2, 3, 4, 5, 7]","[52, 106, 210, 248, 66, 10, 7]",2020-01-13 14:00,114,57,57,0.76,16,12,4,349547,2020,1,13,14
111,73,42,31,629,302,327,"[0, 1, 2, 3, 4, 5, 6, 7]","[34, 41, 235, 263, 45, 10, 2, 4]",2020-01-13 15:00,159,103,56,0.77,10,6,4,349547,2020,1,13,15
112,94,50,44,662,338,324,"[0, 1, 2, 3, 4, 5, 6, 7]","[125, 125, 267, 119, 16, 7, 2, 6]",2020-01-13 16:00,165,98,67,0.77,25,8,17,349547,2020,1,13,16
113,156,112,44,762,425,337,"[0, 1, 2, 3, 4, 6, 7]","[37, 110, 399, 196, 8, 3, 13]",2020-01-13 17:00,147,103,44,0.41,35,20,15,349547,2020,1,13,17
114,116,13,103,471,144,327,"[0, 1, 2, 3, 4, 5, 6, 7]","[75, 97, 152, 108, 25, 5, 2, 10]",2020-02-14 09:00,106,53,53,0.6,40,17,23,349547,2020,2,14,9
115,45,12,33,458,112,346,"[0, 1, 2, 3, 4, 5, 7]","[153, 98, 117, 71, 17, 3, 2]",2020-02-14 10:00,144,63,81,0.77,5,0,5,349547,2020,2,14,10
116,86,29,57,638,229,409,"[0, 1, 2, 3, 4, 5]","[64, 97, 259, 193, 27, 2]",2020-02-14 11:00,169,80,89,0.77,11,3,8,349547,2020,2,14,11
117,85,35,50,582,203,379,"[0, 1, 2, 3, 4, 5, 6, 7]","[119, 96, 174, 138, 38, 6, 3, 12]",2020-02-14 12:00,186,111,75,0.72,10,6,4,349547,2020,2,14,12
118,65,25,40,738,306,432,"[0, 1, 2, 3, 4, 5, 6, 7]","[128, 128, 257, 175, 30, 9, 5, 11]",2020-02-14 13:00,139,83,56,0.75,14,7,7,349547,2020,2,14,13
119,75,33,42,665,262,403,"[0, 1, 2, 3, 4, 5, 7]","[108, 139, 204, 173, 36, 2, 7]",2020-02-14 14:00,150,75,75,0.74,14,7,7,349547,2020,2,14,14
120,101,66,35,635,290,345,"[0, 1, 2, 3, 4, 5, 6, 7]","[108, 57, 178, 252, 34, 5, 2, 5]",2020-02-14 15:00,97,58,39,0.75,9,4,5,349547,2020,2,14,15
121,81,49,32,698,353,345,"[0, 1, 2, 3, 4, 6, 7]","[126, 132, 309, 109, 18, 2, 7]",2020-02-14 16:00,154,91,63,0.76,20,12,8,349547,2020,2,14,16
122,115,86,29,692,404,288,"[0, 1, 2, 3, 4, 5, 7]","[80, 104, 345, 139, 15, 4, 8]",2020-02-14 17:00,151,99,52,0.77,21,5,16,349547,2020,2,14,17
123,113,77,36,612,320,292,"[0, 1, 2, 3, 4, 6, 7]","[113, 127, 236, 121, 10, 4, 4]",2020-02-14 18:00,198,147,51,0.53,19,11,8,349547,2020,2,14,18
124,32,12,20,475,160,315,"[0, 1, 2, 3, 4, 5, 7]","[16, 30, 141, 226, 57, 7, 2]",2020-02-15 09:00,75,37,38,0.78,16,4,12,349547,2020,2,15,9
125,56,18,38,649,262,387,"[0, 1, 2, 3, 4, 5, 7]","[50, 45, 234, 288, 32, 2, 3]",2020-02-15 10:00,95,69,26,0.77,15,9,6,349547,2020,2,15,10
126,86,37,49,782,304,478,"[0, 1, 2, 3, 4, 5, 6, 7]","[92, 102, 178, 279, 86, 26, 6, 18]",2020-02-15 11:00,55,48,7,0.76,20,4,16,349547,2020,2,15,11
127,87,35,52,789,323,466,"[0, 1, 2, 3, 4, 5, 6, 7]","[102, 111, 282, 231, 48, 8, 4, 6]",2020-02-15 12:00,124,60,64,0.77,10,5,5,349547,2020,2,15,12
128,80,29,51,739,318,421,"[0, 1, 2, 3, 4, 5, 6, 7]","[116, 75, 292, 212, 36, 3, 3, 6]",2020-02-15 13:00,124,59,65,0.76,8,7,1,349547,2020,2,15,13
129,148,48,100,799,347,452,"[0, 1, 2, 3, 4, 5, 6, 7]","[116, 132, 207, 234, 66, 12, 8, 29]",2020-02-15 14:00,41,30,11,0.63,5,3,2,349547,2020,2,15,14
130,75,33,42,952,432,520,"[0, 1, 2, 3, 4, 5, 6, 7]","[96, 134, 311, 328, 67, 8, 3, 8]",2020-02-15 15:00,98,55,43,0.76,3,3,0,349547,2020,2,15,15
131,82,41,41,671,280,391,"[0, 1, 2, 3, 4, 7]","[141, 133, 211, 161, 23, 4]",2020-02-15 16:00,117,68,49,0.76,7,4,3,349547,2020,2,15,16
132,75,45,30,837,412,425,"[0, 1, 2, 3, 4, 5]","[67, 126, 361, 244, 36, 4]",2020-02-15 17:00,110,68,42,0.78,19,14,5,349547,2020,2,15,17
133,76,31,45,809,415,394,"[0, 1, 2, 3, 4, 5, 6, 7]","[86, 87, 342, 264, 21, 5, 3, 3]",2020-02-15 18:00,71,46,25,0.67,16,9,7,349547,2020,2,15,18
134,18,8,10,299,129,170,"[0, 1, 2, 3, 4, 5, 6]","[17, 19, 52, 134, 76, 3, 3]",2020-02-16 09:00,16,12,4,0.49,10,0,10,349547,2020,2,16,9
135,41,8,33,502,204,298,"[0, 1, 2, 3, 4, 5, 6, 7]","[23, 28, 144, 230, 65, 7, 6, 3]",2020-02-16 10:00,43,29,14,0.77,22,12,10,349547,2020,2,16,10
136,40,13,27,612,254,358,"[0, 1, 2, 3, 4, 5, 6, 7]","[19, 52, 171, 243, 99, 19, 3, 11]",2020-02-16 11:00,35,26,9,0.77,22,10,12,349547,2020,2,16,11
137,46,22,24,676,325,351,"[0, 1, 2, 3, 4, 5, 6, 7]","[66, 69, 190, 285, 49, 7, 2, 10]",2020-02-16 12:00,56,39,17,0.72,12,8,4,349547,2020,2,16,12
138,43,20,23,772,338,434,"[0, 1, 2, 3, 4, 5, 6, 7]","[74, 71, 244, 290, 82, 7, 3, 6]",2020-02-16 13:00,52,32,20,0.74,10,3,7,349547,2020,2,16,13
139,41,22,19,737,337,400,"[0, 1, 2, 3, 4, 5, 6, 7]","[107, 91, 247, 223, 51, 10, 5, 7]",2020-02-16 14:00,73,61,12,0.73,5,4,1,349547,2020,2,16,14
140,50,22,28,788,375,413,"[0, 1, 2, 3, 4, 5, 6, 7]","[134, 137, 237, 233, 39, 3, 4, 6]",2020-02-16 15:00,72,46,26,0.76,16,12,4,349547,2020,2,16,15
141,41,12,29,716,356,360,"[0, 1, 2, 3, 4, 5, 6]","[66, 70, 271, 266, 41, 5, 2]",2020-02-16 16:00,72,56,16,0.75,22,13,9,349547,2020,2,16,16
142,38,21,17,741,343,398,"[0, 1, 2, 3, 4, 5, 7]","[74, 115, 274, 239, 37, 3, 2]",2020-02-16 17:00,66,45,21,0.77,18,14,4,349547,2020,2,16,17
143,44,19,25,758,316,442,"[0, 1, 2, 3, 4, 5, 7]","[100, 128, 327, 172, 24, 2, 8]",2020-02-16 18:00,73,39,34,0.64,14,5,9,349547,2020,2,16,18
144,175,50,125,450,75,375,"[1, 2, 3, 4]","[50, 225, 100, 75]",2020-02-17 08:00,150,75,75,0.04,25,0,25,349547,2020,2,17,8
145,157,25,132,465,130,335,"[0, 1, 2, 3, 4, 5, 6, 7]","[90, 137, 127, 95, 9, 2, 3, 6]",2020-02-17 09:00,124,59,65,0.69,13,4,9,349547,2020,2,17,9
146,65,22,43,531,152,379,"[0, 1, 2, 3, 4, 5, 7]","[90, 98, 163, 150, 25, 6, 2]",2020-02-17 10:00,142,72,70,0.77,15,8,7,349547,2020,2,17,10
147,86,22,64,384,149,235,"[0, 1, 2, 3, 4, 5, 6, 7]","[58, 54, 90, 94, 44, 18, 13, 16]",2020-02-17 11:00,41,22,19,0.64,5,2,3,349547,2020,2,17,11
148,75,29,46,609,289,320,"[0, 1, 2, 3, 4, 5, 6, 7]","[90, 51, 178, 200, 56, 20, 10, 8]",2020-02-17 12:00,85,49,36,0.41,5,0,5,349547,2020,2,17,12
149,75,32,43,573,239,334,"[0, 1, 2, 3, 4, 5, 6, 7]","[116, 98, 197, 123, 23, 5, 3, 10]",2020-02-17 13:00,118,61,57,0.72,11,4,7,349547,2020,2,17,13
150,83,20,63,595,217,378,"[0, 1, 2, 3, 4, 5, 6, 7]","[124, 91, 166, 154, 42, 10, 7, 7]",2020-02-17 14:00,92,54,38,0.65,11,6,5,349547,2020,2,17,14
151,66,17,49,546,258,288,"[0, 1, 2, 3, 4, 5, 6, 7]","[77, 62, 127, 169, 63, 27, 12, 13]",2020-02-17 15:00,64,38,26,0.72,15,7,8,349547,2020,2,17,15
